Pages,Clicks,Impressions,CTR,Position
https://www.artsy.net/artist/andy-warhol,14644,2377128,0.62%,8.8
https://www.artsy.net/artist/takashi-murakami,11697,518511,2.26%,4.9
https://www.artsy.net/artist/ai-weiwei,8596,501077,1.72%,5.4
https://www.artsy.net/artist/gregory-crewdson,7639,133827,5.71%,4.7
https://www.artsy.net/artist/yayoi-kusama,7480,624839,1.2%,5.2
https://www.artsy.net/artist/robert-mapplethorpe,7125,312602,2.28%,6.1
https://www.artsy.net/artist/andy-goldsworthy-2,7101,234278,3.03%,5.9
https://www.artsy.net/artist/georgia-okeeffe,6582,694840,0.95%,7.0
https://www.artsy.net/artist/barbara-kruger,6526,184340,3.54%,4.0
https://www.artsy.net/artist/ronald-davis,6499,45011,14.44%,3.0
https://www.artsy.net/artist/hannah-hoch,6241,1663583,0.38%,2.3
https://www.artsy.net/artist/alec-monopoly,6213,141832,4.38%,6.5
https://www.artsy.net/artist/wayne-thiebaud,6191,153263,4.04%,4.0
https://www.artsy.net/artist/cindy-sherman,5959,275742,2.16%,6.0
https://www.artsy.net/artist/jean-michel-basquiat,5901,525198,1.12%,8.1
https://www.artsy.net/artist/jock-sturges,5695,76058,7.49%,4.1
https://www.artsy.net/artist/roy-lichtenstein,5601,587021,0.95%,6.0
https://www.artsy.net/artist/jenny-saville,5482,109002,5.03%,5.0
https://www.artsy.net/artist/nobuyoshi-araki,5277,117542,4.49%,5.2
https://www.artsy.net/artist/manfred-mohr,5070,28630,17.71%,3.1
https://www.artsy.net/artist/vincent-van-gogh,5005,2314536,0.22%,8.1
https://www.artsy.net/artist/keith-haring,4724,695358,0.68%,5.0
https://www.artsy.net/artist/joan-miro,4564,411828,1.11%,5.8
https://www.artsy.net/artist/salvador-dali,4536,1219007,0.37%,7.9
https://www.artsy.net/artist/diane-arbus,4275,174556,2.45%,5.9
https://www.artsy.net/artist/kaws,4224,275295,1.53%,6.2
https://www.artsy.net/artist/kara-walker,4054,118652,3.42%,7.7
https://www.artsy.net/artist/fernando-botero,3980,253897,1.57%,5.2
https://www.artsy.net/artist/william-eggleston,3910,132021,2.96%,5.3
https://www.artsy.net/artist/chuck-close,3861,230308,1.68%,5.5
https://www.artsy.net/artist/cy-twombly,3815,172032,2.22%,3.4
https://www.artsy.net/artist/sebastiao-salgado,3798,148297,2.56%,6.6
https://www.artsy.net/artist/jeanette-hayes,3752,44473,8.44%,3.2
https://www.artsy.net/artist/henri-matisse,3697,784698,0.47%,6.0
https://www.artsy.net/artist/man-ray,3659,226373,1.62%,5.7
https://www.artsy.net/artist/olga-kisseleva,3565,16794,21.23%,2.4
https://www.artsy.net/artist/marina-abramovic-1,3504,396139,0.88%,7.3
https://www.artsy.net/artist/piet-mondrian,3469,551916,0.63%,6.4
https://www.artsy.net/artist/marc-chagall,3451,378925,0.91%,5.4
https://www.artsy.net/artist/frank-stella,3405,148578,2.29%,5.0
https://www.artsy.net/artist/robert-frank,3376,128811,2.62%,4.9
https://www.artsy.net/artist/ansel-adams,3324,456426,0.73%,7.0
https://www.artsy.net/artist/damien-hirst,3298,327128,1.01%,6.0
https://www.artsy.net/artist/helmut-newton,3289,104872,3.14%,6.8
https://www.artsy.net/artist/edward-weston,3245,104236,3.11%,5.0
https://www.artsy.net/artist/andreas-gursky,3194,110506,2.89%,4.1
https://www.artsy.net/artist/bradley-theodore,3176,24097,13.18%,3.1
https://www.artsy.net/artist/kathe-kollwitz,3112,104812,2.97%,4.8
https://www.artsy.net/artist/paul-klee,3084,301302,1.02%,5.2
https://www.artsy.net/artist/anselm-kiefer,3065,117302,2.61%,4.8
https://www.artsy.net/artist/banksy,3011,411858,0.73%,9.2
https://www.artsy.net/artist/robert-rauschenberg,3009,225222,1.34%,4.7
https://www.artsy.net/artist/alexander-calder,2884,244001,1.18%,6.3
https://www.artsy.net/artist/jeff-koons,2864,289178,0.99%,6.5
https://www.artsy.net/artist/kerry-james-marshall,2826,102113,2.77%,6.8
https://www.artsy.net/artist/kehinde-wiley,2785,150164,1.85%,7.1
https://www.artsy.net/artist/david-hockney,2745,211060,1.3%,7.3
https://www.artsy.net/artist/mark-rothko,2693,410141,0.66%,5.8
https://www.artsy.net/artist/richard-avedon,2670,148467,1.8%,5.1
https://www.artsy.net/artist/malcolm-t-liepke,2548,31354,8.13%,2.5
https://www.artsy.net/artist/bridget-riley,2474,121724,2.03%,5.6
https://www.artsy.net/artist/zanele-muholi,2458,31447,7.82%,4.9
https://www.artsy.net/artist/andrew-wyeth,2412,182383,1.32%,5.7
https://www.artsy.net/artist/retna,2389,50090,4.77%,2.1
https://www.artsy.net/artist/imogen-cunningham,2372,54502,4.35%,4.1
https://www.artsy.net/artist/jenny-holzer,2349,97308,2.41%,5.1
https://www.artsy.net/artist/pablo-picasso,2340,1662673,0.14%,9.1
https://www.artsy.net/artist/william-kentridge,2333,100712,2.32%,6.7
https://www.artsy.net/artist/kwangho-shin,2319,19150,12.11%,2.7
https://www.artsy.net/artist/rene-magritte,2313,426866,0.54%,6.9
https://www.artsy.net/artist/egon-schiele,2299,295677,0.78%,5.7
https://www.artsy.net/artist/mark-bradford,2293,47501,4.83%,5.2
https://www.artsy.net/artist/jeff-wall,2284,58625,3.9%,5.5
https://www.artsy.net/artist/claude-monet,2273,913337,0.25%,7.8
https://www.artsy.net/artist/marcel-duchamp,2266,305815,0.74%,5.8
https://www.artsy.net/artist/sally-mann,2222,146264,1.52%,6.6
https://www.artsy.net/artist/john-currin,2184,38801,5.63%,4.9
https://www.artsy.net/artist/donatello,2163,293348,0.74%,8.4
https://www.artsy.net/artist/paul-strand,2131,45946,4.64%,5.0
https://www.artsy.net/artist/joseph-nechvatal,2094,14276,14.67%,3.1
https://www.artsy.net/artist/vik-muniz,2069,50306,4.11%,5.9
https://www.artsy.net/artist/mr-brainwash,2063,90071,2.29%,6.0
https://www.artsy.net/artist/tracey-emin,2047,133239,1.54%,6.3
https://www.artsy.net/artist/kiki-smith,2033,59833,3.4%,5.0
https://www.artsy.net/artist/nan-goldin,2021,99385,2.03%,6.2
https://www.artsy.net/artist/jackson-pollock,1992,886932,0.22%,8.4
https://www.artsy.net/artist/willem-de-kooning,1989,185127,1.07%,5.5
https://www.artsy.net/artist/helen-frankenthaler,1965,89947,2.18%,4.6
https://www.artsy.net/artist/louise-bourgeois,1901,163340,1.16%,6.8
https://www.artsy.net/artist/jasper-johns,1901,168214,1.13%,6.6
https://www.artsy.net/artist/david-lachapelle,1891,166518,1.14%,7.3
https://www.artsy.net/artist/michael-carson,1887,18804,10.04%,5.8
https://www.artsy.net/artist/ana-mendieta,1864,53985,3.45%,5.1
https://www.artsy.net/artist/shirin-neshat,1856,62669,2.96%,5.1
https://www.artsy.net/artist/ed-ruscha,1854,78796,2.35%,4.2
https://www.artsy.net/artist/ronald-ventura,1853,15254,12.15%,5.2
https://www.artsy.net/artist/julie-mehretu,1838,56230,3.27%,4.6
https://www.artsy.net/artist/francis-bacon,1834,404773,0.45%,8.6
https://www.artsy.net/artist/sandra-chevrier,1831,19933,9.19%,3.6
https://www.artsy.net/artist/thomas-ruff,1827,48174,3.79%,5.9
https://www.artsy.net/artist/tom-of-finland,1822,17586,10.36%,6.3
https://www.artsy.net/artist/richard-serra,1807,110982,1.63%,4.7
https://www.artsy.net/artist/andres-serrano,1795,90017,1.99%,5.5
https://www.artsy.net/artist/cai-guo-qiang,1795,61708,2.91%,5.3
https://www.artsy.net/artist/hiroshi-sugimoto,1773,69090,2.57%,4.4
https://www.artsy.net/artist/jonas-wood,1766,25886,6.82%,5.9
https://www.artsy.net/artist/daido-moriyama,1759,47515,3.7%,4.7
https://www.artsy.net/artist/francesca-woodman,1751,66488,2.63%,5.8
https://www.artsy.net/artist/harland-miller,1721,22983,7.49%,6.0
https://www.artsy.net/artist/zaria-forman,1682,31431,5.35%,8.3
https://www.artsy.net/artist/henri-cartier-bresson,1654,187005,0.88%,8.0
https://www.artsy.net/artist/albrecht-durer,1648,270142,0.61%,6.1
https://www.artsy.net/artist/sol-lewitt,1641,104967,1.56%,5.4
https://www.artsy.net/artist/john-baldessari,1613,64507,2.5%,4.5
https://www.artsy.net/artist/wassily-kandinsky,1613,468774,0.34%,7.5
https://www.artsy.net/artist/geoff-mcfetridge,1602,18789,8.53%,3.0
https://www.artsy.net/artist/alberto-giacometti,1569,146721,1.07%,6.9
https://www.artsy.net/artist/david-lynch,1553,37471,4.14%,7.3
https://www.artsy.net/artist/agnes-martin,1551,67675,2.29%,5.4
https://www.artsy.net/artist/josef-albers,1516,83691,1.81%,5.7
https://www.artsy.net/artist/richard-diebenkorn,1503,55388,2.71%,4.0
https://www.artsy.net/artist/elizabeth-peyton,1501,34193,4.39%,4.1
https://www.artsy.net/artist/victor-vasarely,1480,81355,1.82%,6.2
https://www.artsy.net/artist/richard-estes,1470,42983,3.42%,4.9
https://www.artsy.net/artist/rinko-kawauchi,1458,31342,4.65%,4.0
https://www.artsy.net/artist/tara-donovan,1453,24645,5.9%,4.0
https://www.artsy.net/artist/shepard-fairey,1447,236893,0.61%,7.0
https://www.artsy.net/artist/bobbie-burgers,1433,20391,7.03%,4.1
https://www.artsy.net/artist/hassan-hajjaj,1433,17189,8.34%,3.6
https://www.artsy.net/artist/faith-ringgold,1430,43093,3.32%,5.1
https://www.artsy.net/artist/sonia-delaunay,1422,61038,2.33%,5.0
https://www.artsy.net/artist/george-condo,1419,53481,2.65%,6.9
https://www.artsy.net/artist/gerhard-richter,1414,204919,0.69%,7.5
https://www.artsy.net/artist/riusuke-fukahori,1409,12067,11.68%,11
https://www.artsy.net/artist/robert-longo,1400,49953,2.8%,5.1
https://www.artsy.net/artist/do-ho-suh,1370,34986,3.92%,4.6
https://www.artsy.net/artist/wes-lang,1360,13951,9.75%,3.6
https://www.artsy.net/artist/romero-britto,1356,152954,0.89%,6.5
https://www.artsy.net/artist/annie-leibovitz,1354,28845,4.69%,11
https://www.artsy.net/artist/alex-katz,1351,57352,2.36%,4.6
https://www.artsy.net/artist/ellsworth-kelly,1340,67865,1.97%,4.6
https://www.artsy.net/artist/anish-kapoor,1318,159475,0.83%,7.8
https://www.artsy.net/artist/christopher-wool,1318,35114,3.75%,5.1
https://www.artsy.net/artist/cecily-brown,1314,31891,4.12%,3.6
https://www.artsy.net/artist/olafur-eliasson,1303,107447,1.21%,5.9
https://www.artsy.net/artist/lorna-simpson,1293,37190,3.48%,4.7
https://www.artsy.net/artist/jim-dine,1273,78913,1.61%,6.9
https://www.artsy.net/artist/jeremy-mann,1271,28597,4.44%,5.7
https://www.artsy.net/artist/yoko-ono,1259,25074,5.02%,11
https://www.artsy.net/artist/louise-nevelson,1253,54429,2.3%,4.8
https://www.artsy.net/artist/elizabeth-catlett,1250,21576,5.79%,4.3
https://www.artsy.net/artist/alfredo-and-isabel-aquilizan,1235,6934,17.81%,3.0
https://www.artsy.net/artist/donald-judd,1225,83951,1.46%,5.9
https://www.artsy.net/artist/peter-paul-rubens,1221,157459,0.78%,6.7
https://www.artsy.net/artist/peter-young,1209,12705,9.52%,6.2
https://www.artsy.net/artist/nicola-samori,1202,26260,4.58%,3.4
https://www.artsy.net/artist/marlene-dumas,1201,48872,2.46%,6.0
https://www.artsy.net/artist/nam-june-paik,1187,46784,2.54%,5.6
https://www.artsy.net/artist/bruce-nauman,1185,72910,1.63%,5.3
https://www.artsy.net/artist/wolfgang-tillmans,1182,61366,1.93%,7.1
https://www.artsy.net/artist/sophie-calle,1180,37826,3.12%,6.9
https://www.artsy.net/artist/xu-bing-xu-bing,1157,22664,5.11%,4.7
https://www.artsy.net/artist/zeng-fanzhi,1152,16641,6.92%,2.9
https://www.artsy.net/artist/yves-klein,1146,101261,1.13%,6.3
https://www.artsy.net/artist/blek-le-rat,1146,36453,3.14%,5.3
https://www.artsy.net/artist/sterling-ruby,1136,31240,3.64%,3.9
https://www.artsy.net/artist/georges-braque,1133,136866,0.83%,5.8
https://www.artsy.net/artist/alfred-stieglitz,1123,85654,1.31%,6.6
https://www.artsy.net/artist/david-alfaro-siqueiros,1116,56371,1.98%,5.0
https://www.artsy.net/artist/michael-craig-martin,1113,49382,2.25%,7.4
https://www.artsy.net/artist/rufino-tamayo,1109,41466,2.67%,5.0
https://www.artsy.net/artist/yasumasa-morimura,1109,27151,4.08%,4.6
https://www.artsy.net/artist/alexander-rodchenko,1107,64240,1.72%,5.6
https://www.artsy.net/artist/mickalene-thomas,1106,23888,4.63%,4.9
https://www.artsy.net/artist/dustin-yellin,1094,22643,4.83%,4.8
https://www.artsy.net/artist/niki-de-saint-phalle,1089,67158,1.62%,6.3
https://www.artsy.net/artist/petra-cortright,1083,12329,8.78%,4.0
https://www.artsy.net/artist/henry-moore,1065,100968,1.05%,7.9
https://www.artsy.net/artist/martin-mull,1064,53740,1.98%,7.4
https://www.artsy.net/artist/yoshitomo-nara,1056,45197,2.34%,5.5
https://www.artsy.net/artist/ikeda-manabu,1054,11657,9.04%,4.7
https://www.artsy.net/artist/richard-phillips,1045,15512,6.74%,7.5
https://www.artsy.net/artist/hebru-brantley,1043,25632,4.07%,6.4
https://www.artsy.net/artist/elly-smallwood,1042,16328,6.38%,3.8
https://www.artsy.net/artist/jerry-uelsmann,1042,44317,2.35%,5.6
https://www.artsy.net/artist/cleon-peterson,1039,16781,6.19%,3.6
https://www.artsy.net/artist/franz-kline,1039,66017,1.57%,5.1
https://www.artsy.net/artist/paul-kremer,1027,9673,10.62%,2.7
https://www.artsy.net/artist/manuel-ocampo,1022,10154,10.06%,4.1
https://www.artsy.net/artist/dan-flavin,1019,53549,1.9%,5.1
https://www.artsy.net/artist/robert-motherwell,1016,42963,2.36%,4.7
https://www.artsy.net/artist/christian-rex-van-minnen,1006,8197,12.27%,3.1
https://www.artsy.net/artist/wifredo-lam,992,28096,3.53%,4.2
https://www.artsy.net/artist/francisco-de-goya,990,320851,0.31%,8.0
https://www.artsy.net/artist/peter-doig-2,985,57441,1.71%,6.7
https://www.artsy.net/artist/christian-boltanski,984,25016,3.93%,5.2
https://www.artsy.net/artist/joseph-cornell,976,61496,1.59%,6.6
https://www.artsy.net/artist/paul-cezanne,974,318877,0.31%,8.1
https://www.artsy.net/artist/eddie-martinez,973,15438,6.3%,4.3
https://www.artsy.net/artist/paul-cadden,971,14069,6.9%,4.5
https://www.artsy.net/artist/yue-minjun,965,28549,3.38%,4.3
https://www.artsy.net/artist/james-jean,965,80170,1.2%,7.7
https://www.artsy.net/artist/elizabeth-murray,959,27051,3.55%,4.1
https://www.artsy.net/artist/chloe-lamb,959,41927,2.29%,7.1
https://www.artsy.net/artist/tom-wesselmann,958,38344,2.5%,5.5
https://www.artsy.net/artist/lee-krasner,951,49109,1.94%,4.5
https://www.artsy.net/artist/betty-woodman,948,14239,6.66%,4.4
https://www.artsy.net/artist/parra,933,22917,4.07%,7.6
https://www.artsy.net/artist/jean-arp,926,49813,1.86%,5.8
https://www.artsy.net/artist/andre-derain,907,70923,1.28%,4.8
https://www.artsy.net/artist/theaster-gates,907,30314,2.99%,8.1
https://www.artsy.net/artist/constantin-brancusi,904,95194,0.95%,5.5
https://www.artsy.net/artist/betye-saar,890,17391,5.12%,3.8
https://www.artsy.net/artist/pieter-hugo,888,18592,4.78%,5.2
https://www.artsy.net/artist/leonora-carrington,888,69110,1.28%,7.0
https://www.artsy.net/artist/alice-neel,882,52190,1.69%,5.0
https://www.artsy.net/artist/pacita-abad,876,13707,6.39%,6.0
https://www.artsy.net/artist/janet-fish,876,24255,3.61%,5.4
https://www.artsy.net/artist/sheila-hicks,868,20272,4.28%,4.9
https://www.artsy.net/artist/francoise-nielly,863,44079,1.96%,5.0
https://www.artsy.net/artist/edward-hopper,861,220310,0.39%,7.8
https://www.artsy.net/artist/laura-owens,854,27918,3.06%,5.7
https://www.artsy.net/artist/lucio-fontana,849,37206,2.28%,5.4
https://www.artsy.net/artist/carrie-mae-weems,849,35601,2.38%,4.8
https://www.artsy.net/artist/james-nares,842,9156,9.2%,4.9
https://www.artsy.net/artist/antony-gormley,840,57217,1.47%,6.8
https://www.artsy.net/artist/del-kathryn-barton,838,19565,4.28%,5.8
https://www.artsy.net/artist/felix-gonzalez-torres,835,49553,1.69%,5.7
https://www.artsy.net/artist/invader,831,42181,1.97%,8.3
https://www.artsy.net/artist/wangechi-mutu,828,30199,2.74%,5.1
https://www.artsy.net/artist/andre-kertesz,827,40769,2.03%,6.9
https://www.artsy.net/artist/philip-guston,817,55739,1.47%,3.9
https://www.artsy.net/artist/milton-avery,814,22528,3.61%,6.6
https://www.artsy.net/artist/jean-dubuffet,813,58365,1.39%,5.7
https://www.artsy.net/artist/mike-dargas,805,11246,7.16%,4.9
https://www.artsy.net/artist/nancy-spero,804,15958,5.04%,4.8
https://www.artsy.net/artist/giorgio-morandi,803,70070,1.15%,7.4
https://www.artsy.net/artist/barry-mcgee,802,21454,3.74%,4.8
https://www.artsy.net/artist/emil-nolde,801,44402,1.8%,5.4
https://www.artsy.net/artist/james-turrell,801,120427,0.67%,7.4
https://www.artsy.net/artist/vanessa-beecroft,800,24963,3.2%,7.7
https://www.artsy.net/artist/nicole-eisenman,800,22771,3.51%,4.2
https://www.artsy.net/artist/sam-gilliam,799,18249,4.38%,5.3
https://www.artsy.net/artist/cheri-samba,798,14067,5.67%,4.6
https://www.artsy.net/artist/wolf-kahn,798,22890,3.49%,7.2
https://www.artsy.net/artist/richard-hambleton,796,16757,4.75%,4.6
https://www.artsy.net/artist/anton-corbijn,796,32796,2.43%,7.2
https://www.artsy.net/artist/young-sung-kim-1,787,12148,6.48%,4.3
https://www.artsy.net/artist/casey-baugh,779,21465,3.63%,5.8
https://www.artsy.net/artist/ben-eine,777,17485,4.44%,5.8
https://www.artsy.net/artist/johannes-vermeer,776,235705,0.33%,8.6
https://www.artsy.net/artist/waqas-khan,774,11242,6.88%,5.2
https://www.artsy.net/artist/john-mellencamp,773,10374,7.45%,17
https://www.artsy.net/artist/katsushika-hokusai,770,92793,0.83%,6.7
https://www.artsy.net/artist/william-wegman,767,37773,2.03%,7.9
https://www.artsy.net/artist/romare-bearden,765,56249,1.36%,7.8
https://www.artsy.net/artist/michael-borremans,753,30463,2.47%,5.5
https://www.artsy.net/artist/hans-hofmann,746,44381,1.68%,4.8
https://www.artsy.net/artist/mona-hatoum,742,23281,3.19%,5.9
https://www.artsy.net/artist/jan-van-eyck,740,80208,0.92%,7.8
https://www.artsy.net/artist/katherine-bernhardt,739,9637,7.67%,6.0
https://www.artsy.net/artist/david-shrigley,737,53007,1.39%,7.4
https://www.artsy.net/artist/susan-mikula,736,33915,2.17%,9.4
https://www.artsy.net/artist/jim-joe,731,8502,8.6%,5.2
https://www.artsy.net/artist/andrew-salgado,731,19309,3.79%,4.7
https://www.artsy.net/artist/gary-ross-pastrana,725,3232,22.43%,5.0
https://www.artsy.net/artist/deana-lawson,724,7038,10.29%,4.1
https://www.artsy.net/artist/marcel-dzama,721,16529,4.36%,4.8
https://www.artsy.net/artist/dain,716,36955,1.94%,6.7
https://www.artsy.net/artist/swoon,713,18817,3.79%,8.8
https://www.artsy.net/artist/richard-mosse,708,24155,2.93%,8.0
https://www.artsy.net/artist/gustav-klimt,702,439597,0.16%,9.2
https://www.artsy.net/artist/kim-keever,701,8571,8.18%,3.5
https://www.artsy.net/artist/diego-rivera,695,271302,0.26%,8.3
https://www.artsy.net/artist/richard-misrach,694,15694,4.42%,4.6
https://www.artsy.net/artist/eloy-morales,693,6906,10.03%,4.9
https://www.artsy.net/artist/josh-agle-shag,687,22465,3.06%,7.0
https://www.artsy.net/artist/sigmar-polke,687,33077,2.08%,5.5
https://www.artsy.net/artist/christo,686,81175,0.85%,8.2
https://www.artsy.net/artist/judy-chicago,679,37634,1.8%,6.7
https://www.artsy.net/artist/edvard-munch,679,275066,0.25%,8.7
https://www.artsy.net/artist/isamu-noguchi,678,68243,0.99%,7.3
https://www.artsy.net/artist/antoni-tapies,674,30272,2.23%,6.6
https://www.artsy.net/artist/ralph-goings,671,17739,3.78%,5.5
https://www.artsy.net/artist/aaron-siskind,671,24576,2.73%,5.7
https://www.artsy.net/artist/oskar-kokoschka,670,50015,1.34%,5.3
https://www.artsy.net/artist/torbjorn-rodland,669,13575,4.93%,4.7
https://www.artsy.net/artist/pierre-auguste-renoir,668,207198,0.32%,8.5
https://www.artsy.net/artist/imran-qureshi,667,9834,6.78%,3.5
https://www.artsy.net/artist/frank-auerbach,663,32406,2.05%,7.2
https://www.artsy.net/artist/pierre-soulages,661,26485,2.5%,5.6
https://www.artsy.net/artist/kudzanai-chiurai,660,7468,8.84%,3.3
https://www.artsy.net/artist/maurizio-cattelan,652,41135,1.59%,6.2
https://www.artsy.net/artist/hajime-sorayama,651,27277,2.39%,5.7
https://www.artsy.net/artist/raymond-pettibon,650,44190,1.47%,6.9
https://www.artsy.net/artist/conor-harrington,650,11692,5.56%,3.9
https://www.artsy.net/artist/shahzia-sikander,648,14062,4.61%,4.9
https://www.artsy.net/artist/joan-mitchell,646,47441,1.36%,6.8
https://www.artsy.net/artist/henrietta-harris,645,19886,3.24%,5.3
https://www.artsy.net/artist/alfredo-jaar,644,17621,3.65%,5.9
https://www.artsy.net/artist/winslow-homer,642,83174,0.77%,6.6
https://www.artsy.net/artist/katharina-grosse,642,22653,2.83%,5.8
https://www.artsy.net/artist/neo-rauch,639,31415,2.03%,5.6
https://www.artsy.net/artist/saner,637,16587,3.84%,6.2
https://www.artsy.net/artist/louie-cordero,636,4468,14.23%,6.6
https://www.artsy.net/artist/amy-sherald,636,6189,10.28%,6.1
https://www.artsy.net/artist/claes-oldenburg,635,81916,0.78%,7.8
https://www.artsy.net/artist/michelangelo-merisi-da-caravaggio,630,58256,1.08%,8.8
https://www.artsy.net/artist/audrey-flack,629,21809,2.88%,5.0
https://www.artsy.net/artist/pierre-bonnard,628,50434,1.25%,5.8
https://www.artsy.net/artist/floris-neususs,628,4652,13.5%,3.3
https://www.artsy.net/artist/ryan-mcginley,627,49565,1.27%,6.5
https://www.artsy.net/artist/lynette-yiadom-boakye,627,15761,3.98%,4.8
https://www.artsy.net/artist/lionel-smit,626,11547,5.42%,5.5
https://www.artsy.net/artist/wayne-white,626,21051,2.97%,6.9
https://www.artsy.net/artist/jake-and-dinos-chapman,625,35452,1.76%,6.4
https://www.artsy.net/artist/jung-lee,624,10502,5.94%,5.9
https://www.artsy.net/artist/rashid-johnson,623,14059,4.43%,4.5
https://www.artsy.net/artist/mark-grotjahn,622,14339,4.34%,4.0
https://www.artsy.net/artist/joseph-beuys,622,63223,0.98%,7.0
https://www.artsy.net/artist/hunt-slonem,619,17309,3.58%,5.8
https://www.artsy.net/artist/john-kacere,618,10296,6%,2.7
https://www.artsy.net/artist/jesus-rafael-soto,617,18885,3.27%,5.3
https://www.artsy.net/artist/kelly-reemtsen,616,7118,8.65%,4.1
https://www.artsy.net/artist/el-anatsui,616,28702,2.15%,7.0
https://www.artsy.net/artist/irving-penn,613,45210,1.36%,9.4
https://www.artsy.net/artist/nicoletta-ceccoli,613,21327,2.87%,3.1
https://www.artsy.net/artist/thomas-struth,613,29182,2.1%,5.6
https://www.artsy.net/artist/gabriel-orozco,613,24174,2.54%,6.0
https://www.artsy.net/artist/revok,612,12968,4.72%,3.6
https://www.artsy.net/artist/naum-gabo,606,26514,2.29%,5.9
https://www.artsy.net/artist/dale-chihuly,603,43836,1.38%,10
https://www.artsy.net/artist/ron-english,603,25910,2.33%,4.6
https://www.artsy.net/artist/larry-rivers,600,16242,3.69%,5.2
https://www.artsy.net/artist/michael-kenna,600,42699,1.41%,8.0
https://www.artsy.net/artist/james-rosenquist,599,44309,1.35%,7.0
https://www.artsy.net/artist/mark-tobey,597,15709,3.8%,4.7
https://www.artsy.net/artist/tracey-rose,596,11103,5.37%,3.7
https://www.artsy.net/artist/jan-groover,595,9513,6.25%,3.8
https://www.artsy.net/artist/george-grosz,595,36094,1.65%,5.8
https://www.artsy.net/artist/karel-appel,594,22338,2.66%,5.6
https://www.artsy.net/artist/roberto-matta,592,29064,2.04%,5.5
https://www.artsy.net/artist/candida-hofer,591,16468,3.59%,6.5
https://www.artsy.net/artist/raoul-dufy,589,40456,1.46%,6.8
https://www.artsy.net/artist/sandy-skoglund,589,19374,3.04%,5.0
https://www.artsy.net/artist/mike-kelley,588,36375,1.62%,6.5
https://www.artsy.net/artist/georg-baselitz,587,29303,2%,6.0
https://www.artsy.net/artist/rachel-whiteread,587,27379,2.14%,8.2
https://www.artsy.net/artist/nick-cave,585,32305,1.81%,9.8
https://www.artsy.net/artist/ernst-ludwig-kirchner,584,58743,0.99%,6.4
https://www.artsy.net/artist/sarah-lucas,582,25499,2.28%,6.4
https://www.artsy.net/artist/david-kracov,577,10100,5.71%,5.3
https://www.artsy.net/artist/saul-steinberg,576,27736,2.08%,6.7
https://www.artsy.net/artist/jose-santos-iii,576,2379,24.21%,3.8
https://www.artsy.net/artist/austin-lee,571,7353,7.77%,3.6
https://www.artsy.net/artist/stanley-whitney,571,10412,5.48%,4.9
https://www.artsy.net/artist/george-shaw,571,10373,5.5%,7.2
https://www.artsy.net/artist/rirkrit-tiravanija,570,17032,3.35%,4.4
https://www.artsy.net/artist/jim-shaw,569,13237,4.3%,4.7
https://www.artsy.net/artist/danny-fox,568,9968,5.7%,7.9
https://www.artsy.net/artist/zoya-cherkassky-nnadi,568,2732,20.79%,6.7
https://www.artsy.net/artist/brice-marden,566,26085,2.17%,4.7
https://www.artsy.net/artist/ron-hicks,565,17953,3.15%,5.2
https://www.artsy.net/artist/matthias-grunewald,565,16978,3.33%,6.6
https://www.artsy.net/artist/michelangelo-buonarroti,564,316129,0.18%,10
https://www.artsy.net/artist/damian-ortega,563,13615,4.14%,6.1
https://www.artsy.net/artist/mark-salvatus,563,4059,13.87%,4.0
https://www.artsy.net/artist/odilon-redon,563,58157,0.97%,5.5
https://www.artsy.net/artist/max-beckmann,560,51899,1.08%,6.2
https://www.artsy.net/artist/alex-israel,560,23668,2.37%,3.7
https://www.artsy.net/artist/yigal-ozeri,558,13315,4.19%,4.3
https://www.artsy.net/artist/richard-prince,557,34751,1.6%,8.4
https://www.artsy.net/artist/giorgio-laveri,556,2891,19.23%,2.6
https://www.artsy.net/artist/fernand-leger,555,51350,1.08%,6.2
https://www.artsy.net/artist/ori-gersht,554,7767,7.13%,4.4
https://www.artsy.net/artist/francis-newton-souza,552,15148,3.64%,6.2
https://www.artsy.net/artist/jean-pierre-hebert,549,11296,4.86%,7.0
https://www.artsy.net/artist/katherine-bradford-1,549,6655,8.25%,5.7
https://www.artsy.net/artist/takato-yamamoto,549,29303,1.87%,6.4
https://www.artsy.net/artist/albert-watson,546,24992,2.18%,5.8
https://www.artsy.net/artist/bill-viola,544,37471,1.45%,8.1
https://www.artsy.net/artist/njideka-akunyili-crosby,543,20546,2.64%,6.8
https://www.artsy.net/artist/beatriz-milhazes,541,22298,2.43%,6.1
https://www.artsy.net/artist/marilyn-minter,541,24665,2.19%,6.6
https://www.artsy.net/artist/peter-halley,538,16623,3.24%,4.8
https://www.artsy.net/artist/daisuke-yokota,538,6642,8.1%,4.8
https://www.artsy.net/artist/annie-morris,538,4538,11.86%,4.8
https://www.artsy.net/artist/awol-erizku,537,7660,7.01%,6.6
https://www.artsy.net/artist/jacob-lawrence,537,41168,1.3%,8.7
https://www.artsy.net/artist/daniel-arsham,536,19288,2.78%,8.1
https://www.artsy.net/artist/pat-steir,533,13599,3.92%,4.7
https://www.artsy.net/artist/todd-hido,531,29398,1.81%,5.9
https://www.artsy.net/artist/johnson-tsang,530,9547,5.55%,6.2
https://www.artsy.net/artist/miquel-barcelo,530,20883,2.54%,5.3
https://www.artsy.net/artist/hendrik-kerstens,528,12595,4.19%,4.2
https://www.artsy.net/artist/erwin-olaf,527,26994,1.95%,6.0
https://www.artsy.net/artist/vija-celmins,527,20370,2.59%,5.2
https://www.artsy.net/artist/thomas-campbell,525,10576,4.96%,7.4
https://www.artsy.net/artist/brassai,525,37728,1.39%,6.8
https://www.artsy.net/artist/daniel-richter,522,20361,2.56%,5.9
https://www.artsy.net/artist/stik,521,33701,1.55%,7.2
https://www.artsy.net/artist/adrian-ghenie,521,24780,2.1%,6.2
https://www.artsy.net/artist/helena-almeida,521,7616,6.84%,6.3
https://www.artsy.net/artist/stuart-davis,519,26437,1.96%,5.5
https://www.artsy.net/artist/douglas-gordon,517,18142,2.85%,6.9
https://www.artsy.net/artist/utagawa-hiroshige-ando-hiroshige,514,44839,1.15%,7.1
https://www.artsy.net/artist/evan-hecox,512,4060,12.61%,3.3
https://www.artsy.net/artist/kurt-schwitters,511,42422,1.2%,6.2
https://www.artsy.net/artist/mark-tansey,509,11086,4.59%,4.3
https://www.artsy.net/artist/jennifer-guidi,506,8017,6.31%,6.0
https://www.artsy.net/artist/toyin-ojih-odutola,506,12896,3.92%,5.1
https://www.artsy.net/artist/walker-evans,505,41492,1.22%,8.9
https://www.artsy.net/artist/max-ernst,503,104724,0.48%,7.9
https://www.artsy.net/artist/francis-picabia,503,36201,1.39%,6.2
https://www.artsy.net/artist/tony-cragg,503,39815,1.26%,7.0
https://www.artsy.net/artist/patricia-piccinini,503,26704,1.88%,7.1
https://www.artsy.net/artist/jeeyoung-lee-1,502,5667,8.86%,4.0
https://www.artsy.net/artist/deborah-butterfield,501,13416,3.73%,6.1
https://www.artsy.net/artist/lei-xue,500,3569,14.01%,5.8
https://www.artsy.net/artist/meret-oppenheim,500,199406,0.25%,6.0
https://www.artsy.net/artist/ugo-rondinone,499,18889,2.64%,5.3
https://www.artsy.net/artist/david-wojnarowicz,499,19544,2.55%,4.5
https://www.artsy.net/artist/john-chamberlain,497,18658,2.66%,5.6
https://www.artsy.net/artist/marco-mazzoni,497,13182,3.77%,5.3
https://www.artsy.net/artist/genieve-figgis,495,7542,6.56%,4.8
https://www.artsy.net/artist/larry-poons,494,14033,3.52%,4.3
https://www.artsy.net/artist/juergen-teller,493,31910,1.54%,7.4
https://www.artsy.net/artist/eric-fischl,493,25313,1.95%,5.2
https://www.artsy.net/artist/lucian-freud,493,69497,0.71%,7.9
https://www.artsy.net/artist/maria-taniguchi,492,2995,16.43%,6.1
https://www.artsy.net/artist/carlos-almaraz,491,12016,4.09%,5.4
https://www.artsy.net/artist/christian-marclay,490,14251,3.44%,5.5
https://www.artsy.net/artist/hans-bellmer,490,34652,1.41%,5.6
https://www.artsy.net/artist/maggie-taylor,490,12704,3.86%,4.3
https://www.artsy.net/artist/david-smith,490,36212,1.35%,7.2
https://www.artsy.net/artist/dan-colen,489,37295,1.31%,4.8
https://www.artsy.net/artist/barnett-newman,488,58555,0.83%,6.2
https://www.artsy.net/artist/marc-quinn,487,34573,1.41%,6.7
https://www.artsy.net/artist/adam-wallacavage,487,3903,12.48%,17
https://www.artsy.net/artist/paula-rego,487,29427,1.65%,6.9
https://www.artsy.net/artist/kenny-scharf,487,20162,2.42%,5.0
https://www.artsy.net/artist/martin-whatson,485,8864,5.47%,5.6
https://www.artsy.net/artist/brian-calvin,481,5148,9.34%,4.5
https://www.artsy.net/artist/manolo-valdes,481,10010,4.81%,5.4
https://www.artsy.net/artist/todd-james,480,5303,9.05%,5.0
https://www.artsy.net/artist/john-marin,480,10902,4.4%,5.1
https://www.artsy.net/artist/giuseppe-penone,480,13948,3.44%,8.2
https://www.artsy.net/artist/sister-mary-corita-kent,480,24792,1.94%,6.1
https://www.artsy.net/artist/lina-iris-viktor,479,7717,6.21%,5.9
https://www.artsy.net/artist/syed-haider-raza,478,22471,2.13%,7.7
https://www.artsy.net/artist/thomas-demand,478,18147,2.63%,5.9
https://www.artsy.net/artist/zhang-huan,477,13919,3.43%,6.5
https://www.artsy.net/artist/yves-scherer,477,2973,16.04%,6.1
https://www.artsy.net/artist/math-bass,476,4979,9.56%,6.9
https://www.artsy.net/artist/pierre-huyghe,475,18883,2.52%,6.8
https://www.artsy.net/artist/fernando-de-szyszlo,474,20895,2.27%,4.7
https://www.artsy.net/artist/etel-adnan,472,14086,3.35%,5.9
https://www.artsy.net/artist/richard-hamilton,472,39770,1.19%,8.7
https://www.artsy.net/artist/mel-bochner,471,14528,3.24%,5.9
https://www.artsy.net/artist/pose,471,14235,3.31%,7.9
https://www.artsy.net/artist/ethan-cook,469,3645,12.87%,4.0
https://www.artsy.net/artist/ellen-gallagher,468,15962,2.93%,5.6
https://www.artsy.net/artist/conrad-jon-godly,468,6744,6.94%,4.5
https://www.artsy.net/artist/anni-albers,468,23453,2%,7.3
https://www.artsy.net/artist/robert-indiana,468,44330,1.06%,6.9
https://www.artsy.net/artist/eduardo-chillida,467,19501,2.39%,5.5
https://www.artsy.net/artist/jon-rafman,465,17246,2.7%,5.7
https://www.artsy.net/artist/d-star-face,464,119120,0.39%,7.3
https://www.artsy.net/artist/ken-price,464,16703,2.78%,5.5
https://www.artsy.net/artist/andy-dixon,462,5659,8.16%,5.3
https://www.artsy.net/artist/masao-yamamoto,462,15103,3.06%,6.2
https://www.artsy.net/artist/giorgio-de-chirico,462,75787,0.61%,6.7
https://www.artsy.net/artist/jose-davila,462,7630,6.06%,5.0
https://www.artsy.net/artist/heather-day,461,11006,4.19%,6.3
https://www.artsy.net/artist/martha-rosler,460,19940,2.31%,5.1
https://www.artsy.net/artist/nicolas-party,460,7808,5.89%,6.1
https://www.artsy.net/artist/nandipha-mntambo,460,7074,6.5%,4.7
https://www.artsy.net/artist/ian-davenport,460,12057,3.82%,6.0
https://www.artsy.net/artist/sean-scully,457,19656,2.32%,6.8
https://www.artsy.net/artist/august-sander,457,30494,1.5%,6.5
https://www.artsy.net/artist/carmen-herrera,456,19560,2.33%,7.4
https://www.artsy.net/artist/glenn-ligon,455,26111,1.74%,6.0
https://www.artsy.net/artist/david-salle,455,25111,1.81%,5.9
https://www.artsy.net/artist/eadweard-muybridge,454,51831,0.88%,7.9
https://www.artsy.net/artist/patrick-caulfield,449,29144,1.54%,7.3
https://www.artsy.net/artist/roa,449,11360,3.95%,8.6
https://www.artsy.net/artist/ann-veronica-janssens,449,8627,5.2%,5.7
https://www.artsy.net/artist/auguste-rodin,448,77030,0.58%,9.6
https://www.artsy.net/artist/sarah-morris,448,20093,2.23%,5.3
https://www.artsy.net/artist/jose-parla,447,10380,4.31%,4.5
https://www.artsy.net/artist/lynda-benglis,447,21367,2.09%,5.0
https://www.artsy.net/artist/sharon-core,446,5218,8.55%,5.9
https://www.artsy.net/artist/lita-cabellut,446,10575,4.22%,6.2
https://www.artsy.net/artist/alison-saar,445,7035,6.33%,4.8
https://www.artsy.net/artist/geraldine-javier,445,3257,13.66%,3.8
https://www.artsy.net/artist/luc-tuymans,445,23126,1.92%,5.9
https://www.artsy.net/artist/joel-meyerowitz,445,22857,1.95%,7.9
https://www.artsy.net/artist/bernard-buffet,445,23990,1.85%,7.1
https://www.artsy.net/artist/gordon-parks,444,46764,0.95%,9.3
https://www.artsy.net/artist/marta-minujin,442,13508,3.27%,6.5
https://www.artsy.net/artist/michelangelo-pistoletto,442,18214,2.43%,6.2
https://www.artsy.net/artist/betty-tompkins,441,10497,4.2%,7.7
https://www.artsy.net/artist/haroshi,439,6969,6.3%,7.5
https://www.artsy.net/artist/julian-schnabel,439,54570,0.8%,7.0
https://www.artsy.net/artist/gilbert-and-george,439,20892,2.1%,8.5
https://www.artsy.net/artist/patrick-hughes,439,25744,1.71%,8.0
https://www.artsy.net/artist/walton-ford,439,14366,3.06%,6.6
https://www.artsy.net/artist/matthew-barney,438,46110,0.95%,7.5
https://www.artsy.net/artist/carole-a-feuerman,436,12319,3.54%,5.9
https://www.artsy.net/artist/lucas-arruda,435,4702,9.25%,4.9
https://www.artsy.net/artist/eva-hesse,435,28320,1.54%,8.5
https://www.artsy.net/artist/howard-tangye,435,3163,13.75%,4.2
https://www.artsy.net/artist/thomas-hart-benton,434,20944,2.07%,8.3
https://www.artsy.net/artist/soey-milk,433,9220,4.7%,5.3
https://www.artsy.net/artist/marco-grassi-slash-grama,432,8074,5.35%,6.3
https://www.artsy.net/artist/danny-oconnor,432,9827,4.4%,7.1
https://www.artsy.net/artist/rudolf-stingel,430,10885,3.95%,4.3
https://www.artsy.net/artist/paula-modersohn-becker,430,19070,2.25%,5.9
https://www.artsy.net/artist/margaret-bourke-white,430,34984,1.23%,8.9
https://www.artsy.net/artist/jr,429,33581,1.28%,9.5
https://www.artsy.net/artist/tauba-auerbach,429,15322,2.8%,4.8
https://www.artsy.net/artist/guy-bourdin,429,23127,1.85%,7.9
https://www.artsy.net/artist/maria-berrio,428,3241,13.21%,4.7
https://www.artsy.net/artist/nick-brandt,428,24678,1.73%,7.6
https://www.artsy.net/artist/holton-rower,427,5414,7.89%,12
https://www.artsy.net/artist/armando-morales,426,8293,5.14%,4.6
https://www.artsy.net/artist/robert-arneson,425,10445,4.07%,4.6
https://www.artsy.net/artist/david-hammons,424,18729,2.26%,6.8
https://www.artsy.net/artist/tschabalala-self,423,8307,5.09%,4.4
https://www.artsy.net/artist/alex-kanevsky,422,14360,2.94%,5.3
https://www.artsy.net/artist/yousuf-karsh,422,50411,0.84%,6.9
https://www.artsy.net/artist/francesco-clemente,422,20912,2.02%,5.7
https://www.artsy.net/artist/urs-fischer,422,29250,1.44%,5.6
https://www.artsy.net/artist/arno-rafael-minkkinen-1,422,9762,4.32%,8.3
https://www.artsy.net/artist/aj-fosik,420,5458,7.7%,3.9
https://www.artsy.net/artist/bernd-and-hilla-becher,419,31106,1.35%,8.5
https://www.artsy.net/artist/richard-tuttle,418,15625,2.68%,5.5
https://www.artsy.net/artist/lourdes-sanchez,417,6897,6.05%,4.7
https://www.artsy.net/artist/ibrahim-el-salahi,416,7316,5.69%,5.5
https://www.artsy.net/artist/paula-scher,415,4769,8.7%,11
https://www.artsy.net/artist/lee-ufan,413,17558,2.35%,4.9
https://www.artsy.net/artist/mary-cassatt,412,113043,0.36%,7.8
https://www.artsy.net/artist/andrea-kowch,411,8641,4.76%,4.4
https://www.artsy.net/artist/carsten-holler,410,16833,2.44%,7.2
https://www.artsy.net/artist/robert-cottingham,410,7030,5.83%,8.2
https://www.artsy.net/artist/mark-dion,410,18539,2.21%,6.2
https://www.artsy.net/artist/carl-andre,410,28891,1.42%,6.3
https://www.artsy.net/artist/mary-weatherford,407,5895,6.9%,4.5
https://www.artsy.net/artist/ben-frost,406,5674,7.16%,7.1
https://www.artsy.net/artist/john-singer-sargent,405,99630,0.41%,8.1
https://www.artsy.net/artist/paul-cadmus,404,11998,3.37%,4.3
https://www.artsy.net/artist/ryan-hewett,404,7099,5.69%,4.9
https://www.artsy.net/artist/shara-hughes,403,5263,7.66%,6.6
https://www.artsy.net/artist/alex-da-corte,402,16638,2.42%,5.3
https://www.artsy.net/artist/leila-jeffreys,402,5925,6.78%,6.7
https://www.artsy.net/artist/jack-pierson,399,9826,4.06%,5.4
https://www.artsy.net/artist/laura-letinsky,399,9825,4.06%,4.1
https://www.artsy.net/artist/paul-jenkins,399,13149,3.03%,7.2
https://www.artsy.net/artist/kenneth-noland,399,20376,1.96%,5.3
https://www.artsy.net/artist/henri-de-toulouse-lautrec,399,157202,0.25%,9.3
https://www.artsy.net/artist/secundino-hernandez,398,4931,8.07%,3.7
https://www.artsy.net/artist/carlos-cruz-diez,398,19649,2.03%,7.0
https://www.artsy.net/artist/hito-steyerl,397,17114,2.32%,7.9
https://www.artsy.net/artist/edward-steichen,397,28172,1.41%,7.4
https://www.artsy.net/artist/joe-bradley,397,17042,2.33%,6.7
https://www.artsy.net/artist/matthew-cusick,396,4404,8.99%,4.3
https://www.artsy.net/artist/tim-hawkinson,394,7820,5.04%,4.5
https://www.artsy.net/artist/manuel-alvarez-bravo,394,13172,2.99%,6.0
https://www.artsy.net/artist/john-stezaker,394,17908,2.2%,7.7
https://www.artsy.net/artist/chris-ofili,393,23897,1.64%,7.5
https://www.artsy.net/artist/paul-insect,393,3838,10.24%,5.0
https://www.artsy.net/artist/nathaniel-mary-quinn,393,4758,8.26%,5.1
https://www.artsy.net/artist/ed-templeton,392,16931,2.32%,7.2
https://www.artsy.net/artist/edouard-vuillard,392,26714,1.47%,5.1
https://www.artsy.net/artist/pipilotti-rist,391,19145,2.04%,9.5
https://www.artsy.net/artist/jean-francois-millet,390,40014,0.97%,5.5
https://www.artsy.net/artist/idris-khan,390,36265,1.08%,7.7
https://www.artsy.net/artist/mariko-mori,388,14612,2.66%,5.3
https://www.artsy.net/artist/faig-ahmed,387,8358,4.63%,6.5
https://www.artsy.net/artist/andre-masson,387,14260,2.71%,4.9
https://www.artsy.net/artist/maurice-utrillo,387,22678,1.71%,7.4
https://www.artsy.net/artist/peter-max,387,54386,0.71%,9.5
https://www.artsy.net/artist/peter-beard,386,21518,1.79%,7.9
https://www.artsy.net/artist/tim-eitel,386,6948,5.56%,4.9
https://www.artsy.net/artist/vanessa-german,386,4014,9.62%,6.4
https://www.artsy.net/artist/alyssa-monks,385,17661,2.18%,7.1
https://www.artsy.net/artist/beth-cavener,384,13284,2.89%,6.2
https://www.artsy.net/artist/peter-anton,384,5243,7.32%,5.0
https://www.artsy.net/artist/anthony-lister,384,11308,3.4%,7.1
https://www.artsy.net/artist/martin-puryear,383,15537,2.47%,5.9
https://www.artsy.net/artist/tom-friedman,383,6822,5.61%,5.3
https://www.artsy.net/artist/steven-klein,383,17204,2.23%,8.6
https://www.artsy.net/artist/osgemeos,383,12799,2.99%,6.6
https://www.artsy.net/artist/hung-liu,382,10235,3.73%,9.6
https://www.artsy.net/artist/the-haas-brothers,382,9690,3.94%,6.4
https://www.artsy.net/artist/wade-guyton,381,12522,3.04%,5.5
https://www.artsy.net/artist/joaquin-torres-garcia,380,17413,2.18%,7.1
https://www.artsy.net/artist/guan-xiao,379,7613,4.98%,5.1
https://www.artsy.net/artist/edward-burtynsky,379,22668,1.67%,8.4
https://www.artsy.net/artist/harold-ancart,379,5287,7.17%,3.7
https://www.artsy.net/artist/kazuo-shiraga,377,11393,3.31%,5.0
https://www.artsy.net/artist/martin-ramirez,377,12995,2.9%,6.0
https://www.artsy.net/artist/rodel-tapaya,375,4778,7.85%,5.1
https://www.artsy.net/artist/henry-taylor,375,17922,2.09%,6.2
https://www.artsy.net/artist/frank-lloyd-wright,373,8285,4.5%,15
https://www.artsy.net/artist/ashley-carter,373,3014,12.38%,5.5
https://www.artsy.net/artist/odd-nerdrum,373,26888,1.39%,7.3
https://www.artsy.net/artist/ramiro-gomez,372,5199,7.16%,6.2
https://www.artsy.net/artist/bill-brandt,372,28281,1.32%,7.5
https://www.artsy.net/artist/jacob-hashimoto,372,10128,3.67%,6.1
https://www.artsy.net/artist/paul-wright,372,9250,4.02%,7.9
https://www.artsy.net/artist/alma-thomas,371,9751,3.8%,4.9
https://www.artsy.net/artist/zhang-xiaogang,371,11928,3.11%,4.6
https://www.artsy.net/artist/monika-grzymala,370,3536,10.46%,4.8
https://www.artsy.net/artist/qiu-zhijie,369,6099,6.05%,6.7
https://www.artsy.net/artist/cory-arcangel,369,14418,2.56%,7.9
https://www.artsy.net/artist/zhuang-hong-yi,369,4537,8.13%,6.5
https://www.artsy.net/artist/robert-mangold,369,9092,4.06%,5.0
https://www.artsy.net/artist/catherine-opie,368,19698,1.87%,7.5
https://www.artsy.net/artist/dennis-oppenheim,366,10880,3.36%,5.3
https://www.artsy.net/artist/georges-rouault,365,18320,1.99%,5.3
https://www.artsy.net/artist/zaha-hadid,364,6406,5.68%,22
https://www.artsy.net/artist/slim-aarons,364,37377,0.97%,9.2
https://www.artsy.net/artist/zao-wou-ki-zhao-wu-ji,364,13976,2.6%,8.5
https://www.artsy.net/artist/jason-martin,363,15584,2.33%,4.5
https://www.artsy.net/artist/korakrit-arunanondchai,363,6600,5.5%,4.8
https://www.artsy.net/artist/laure-prouvost,363,8385,4.33%,5.4
https://www.artsy.net/artist/liu-bolin,362,19296,1.88%,8.0
https://www.artsy.net/artist/audrey-kawasaki,361,28775,1.25%,9.4
https://www.artsy.net/artist/michael-manning,361,6958,5.19%,4.7
https://www.artsy.net/artist/gary-hume,361,15927,2.27%,6.9
https://www.artsy.net/artist/gunther-forg,360,46909,0.77%,4.5
https://www.artsy.net/artist/lawrence-weiner,360,19233,1.87%,6.4
https://www.artsy.net/artist/gian-lorenzo-bernini,359,17247,2.08%,8.2
https://www.artsy.net/artist/pamela-phatsimo-sunstrum,358,2509,14.27%,7.3
https://www.artsy.net/artist/james-austin-murray,358,4347,8.24%,5.0
https://www.artsy.net/artist/jaehyo-lee,358,6218,5.76%,7.1
https://www.artsy.net/artist/herb-ritts,357,46854,0.76%,8.3
https://www.artsy.net/artist/dan-quintana,357,2377,15.02%,3.1
https://www.artsy.net/artist/maqbool-fida-husain,356,21038,1.69%,7.8
https://www.artsy.net/artist/robert-irwin,356,12647,2.81%,7.6
https://www.artsy.net/artist/mark-flood,356,6955,5.12%,6.7
https://www.artsy.net/artist/roni-horn,356,15662,2.27%,6.5
https://www.artsy.net/artist/rose-wylie,356,7613,4.68%,6.2
https://www.artsy.net/artist/ron-nagle,355,10137,3.5%,4.6
https://www.artsy.net/artist/brenda-fajardo,354,1959,18.07%,2.8
https://www.artsy.net/artist/chloe-wise,353,12122,2.91%,9.5
https://www.artsy.net/artist/jean-auguste-dominique-ingres,352,58580,0.6%,7.6
https://www.artsy.net/artist/larry-clark,352,45322,0.78%,6.2
https://www.artsy.net/artist/david-bates,351,6526,5.38%,6.1
https://www.artsy.net/artist/honore-daumier,351,33068,1.06%,6.9
https://www.artsy.net/artist/lisa-brice,350,3530,9.92%,4.7
https://www.artsy.net/artist/antony-micallef,350,9452,3.7%,6.6
https://www.artsy.net/artist/harmony-korine,350,3744,9.35%,5.6
https://www.artsy.net/artist/faile,349,15628,2.23%,7.4
https://www.artsy.net/artist/kris-kuksi,349,15317,2.28%,5.9
https://www.artsy.net/artist/nathalie-du-pasquier,348,13506,2.58%,6.4
https://www.artsy.net/artist/sarah-bahbah,348,14089,2.47%,5.2
https://www.artsy.net/artist/sherrie-levine,348,15132,2.3%,5.7
https://www.artsy.net/artist/jun-kaneko,348,19214,1.81%,6.8
https://www.artsy.net/artist/abelardo-morell,347,19974,1.74%,6.5
https://www.artsy.net/artist/rachel-kneebone,347,7789,4.46%,5.6
https://www.artsy.net/artist/dan-graham,345,16867,2.05%,5.5
https://www.artsy.net/artist/fos,345,18315,1.88%,9.8
https://www.artsy.net/artist/ray-caesar,345,11113,3.1%,6.3
https://www.artsy.net/artist/billy-childish,345,9401,3.67%,5.9
https://www.artsy.net/artist/grace-hartigan,345,7953,4.34%,5.5
https://www.artsy.net/artist/olga-de-amaral,344,4645,7.41%,7.4
https://www.artsy.net/artist/takahiro-iwasaki,344,4318,7.97%,4.6
https://www.artsy.net/artist/laszlo-moholy-nagy,344,29876,1.15%,8.8
https://www.artsy.net/artist/andre-breton,341,8597,3.97%,6.2
https://www.artsy.net/artist/oscar-tuazon,341,6698,5.09%,4.1
https://www.artsy.net/artist/edmund-de-waal,341,13012,2.62%,8.2
https://www.artsy.net/artist/duane-hanson,340,16050,2.12%,6.2
https://www.artsy.net/artist/daniel-buren,340,17929,1.9%,5.7
https://www.artsy.net/artist/david-nash,340,12003,2.83%,6.5
https://www.artsy.net/artist/jacques-louis-david,339,70794,0.48%,8.3
https://www.artsy.net/artist/robert-doisneau,339,42560,0.8%,6.9
https://www.artsy.net/artist/lyonel-feininger,338,16992,1.99%,6.4
https://www.artsy.net/artist/bo-bartlett,338,10210,3.31%,7.0
https://www.artsy.net/artist/lucien-smith,338,8187,4.13%,5.5
https://www.artsy.net/artist/guy-yanai,338,3141,10.76%,8.0
https://www.artsy.net/artist/dora-maar,338,14299,2.36%,5.4
https://www.artsy.net/artist/hernan-bas,337,9319,3.62%,4.7
https://www.artsy.net/artist/fred-tomaselli,336,9792,3.43%,6.0
https://www.artsy.net/artist/red-grooms,335,10112,3.31%,5.4
https://www.artsy.net/artist/frida-kahlo,335,158863,0.21%,12
https://www.artsy.net/artist/lucas-cranach-the-elder,335,35114,0.95%,7.1
https://www.artsy.net/artist/david-ostrowski,334,7933,4.21%,5.4
https://www.artsy.net/artist/mamma-andersson,334,8785,3.8%,5.9
https://www.artsy.net/artist/torey-thornton,334,3872,8.63%,3.7
https://www.artsy.net/artist/adolph-gottlieb,334,13943,2.4%,4.5
https://www.artsy.net/artist/simryn-gill,333,3837,8.68%,4.9
https://www.artsy.net/artist/thomas-moran,333,24793,1.34%,5.7
https://www.artsy.net/artist/john-constable,332,55902,0.59%,7.6
https://www.artsy.net/artist/rockwell-kent,332,11213,2.96%,4.6
https://www.artsy.net/artist/bharti-kher,332,8417,3.94%,5.9
https://www.artsy.net/artist/carol-rama,331,9811,3.37%,6.7
https://www.artsy.net/artist/andrea-bowers,331,4523,7.32%,4.7
https://www.artsy.net/artist/pepon-osorio,331,6634,4.99%,4.7
https://www.artsy.net/artist/daniel-heidkamp,330,3289,10.03%,6.1
https://www.artsy.net/artist/massimo-vitali,330,10514,3.14%,7.8
https://www.artsy.net/artist/anna-halldin-maule,330,1809,18.24%,3.5
https://www.artsy.net/artist/li-hongbo,330,9941,3.32%,9.8
https://www.artsy.net/artist/alison-mosshart,330,1647,20.04%,9.4
https://www.artsy.net/artist/omar-hassan,328,6059,5.41%,6.4
https://www.artsy.net/artist/luigi-ghirri,328,8331,3.94%,5.6
https://www.artsy.net/artist/ron-mueck,328,18882,1.74%,9.7
https://www.artsy.net/artist/sage-vaughn,327,4077,8.02%,7.0
https://www.artsy.net/artist/teresita-fernandez,327,8696,3.76%,5.5
https://www.artsy.net/artist/jean-paul-riopelle,326,13470,2.42%,6.6
https://www.artsy.net/artist/louis-fratino,326,3682,8.85%,3.3
https://www.artsy.net/artist/robin-rhode,326,5721,5.7%,5.4
https://www.artsy.net/artist/matthew-stone,326,9441,3.45%,6.2
https://www.artsy.net/artist/thornton-dial,326,6354,5.13%,5.9
https://www.artsy.net/artist/javier-calleja,326,4669,6.98%,3.8
https://www.artsy.net/artist/ruth-bernhard,326,6345,5.14%,5.4
https://www.artsy.net/artist/john-mcallister,325,4744,6.85%,3.6
https://www.artsy.net/artist/kate-macdowell,325,6051,5.37%,4.7
https://www.artsy.net/artist/ernesto-neto,325,13341,2.44%,6.3
https://www.artsy.net/artist/hannah-wilke,324,17929,1.81%,6.0
https://www.artsy.net/artist/sanya-kantarovsky,324,4395,7.37%,3.2
https://www.artsy.net/artist/antwan-horfee,324,2495,12.99%,3.7
https://www.artsy.net/artist/pae-white,324,5242,6.18%,4.9
https://www.artsy.net/artist/madsaki,323,1991,16.22%,6.0
https://www.artsy.net/artist/yinka-shonibare-mbe,323,25931,1.25%,9.2
https://www.artsy.net/artist/reisha-perlmutter,323,7366,4.39%,5.2
https://www.artsy.net/artist/harding-meyer,323,6480,4.98%,5.7
https://www.artsy.net/artist/philip-lorca-dicorcia,323,22702,1.42%,7.3
https://www.artsy.net/artist/jean-tinguely,323,18937,1.71%,7.1
https://www.artsy.net/artist/richard-butler,323,14121,2.29%,8.5
https://www.artsy.net/artist/pierre-alechinsky,321,10601,3.03%,5.4
https://www.artsy.net/artist/jennifer-packer,320,4792,6.68%,4.9
https://www.artsy.net/artist/barbara-hepworth,320,29268,1.09%,9.2
https://www.artsy.net/artist/peter-saul,320,11062,2.89%,5.2
https://www.artsy.net/artist/christopher-brown,319,4477,7.13%,7.8
https://www.artsy.net/artist/hans-hartung,317,11076,2.86%,5.8
https://www.artsy.net/artist/hank-willis-thomas,317,15451,2.05%,7.6
https://www.artsy.net/artist/bruno-catalano-1,317,5789,5.48%,7.8
https://www.artsy.net/artist/andre-brasilier,316,3371,9.37%,3.1
https://www.artsy.net/artist/allison-schulnik,315,6576,4.79%,4.1
https://www.artsy.net/artist/boyle-family,315,12134,2.6%,7.5
https://www.artsy.net/artist/francois-morellet,315,8204,3.84%,5.4
https://www.artsy.net/artist/paul-gauguin,314,86539,0.36%,9.6
https://www.artsy.net/artist/enrique-chagoya,314,3352,9.37%,4.3
https://www.artsy.net/artist/clare-e-rojas,314,4058,7.74%,3.3
https://www.artsy.net/artist/frank-walter,312,4221,7.39%,5.3
https://www.artsy.net/artist/landon-metz,312,4043,7.72%,4.1
https://www.artsy.net/artist/nicholas-alm,311,6105,5.09%,5.9
https://www.artsy.net/artist/sam-francis,311,24230,1.28%,8.0
https://www.artsy.net/artist/robert-ryman,311,17010,1.83%,5.8
https://www.artsy.net/artist/david-choe,311,5328,5.84%,11
https://www.artsy.net/artist/ryan-mcginness,311,7697,4.04%,4.6
https://www.artsy.net/artist/ruth-asawa,310,18544,1.67%,8.3
https://www.artsy.net/artist/yago-hortal,310,4170,7.43%,4.7
https://www.artsy.net/artist/mary-corse,309,4599,6.72%,4.1
https://www.artsy.net/artist/julie-cockburn,309,6238,4.95%,4.9
https://www.artsy.net/artist/daniel-sprick,309,5493,5.63%,4.3
https://www.artsy.net/artist/dexter-sy,308,1484,20.75%,3.0
https://www.artsy.net/artist/tal-r,307,17588,1.75%,6.5
https://www.artsy.net/artist/antonio-berni,307,13695,2.24%,6.1
https://www.artsy.net/artist/felipe-pantone,307,8836,3.47%,7.2
https://www.artsy.net/artist/adel-abdessemed,306,5613,5.45%,4.5
https://www.artsy.net/artist/larry-bell,306,17212,1.78%,5.2
https://www.artsy.net/artist/doze-green,306,5056,6.05%,5.0
https://www.artsy.net/artist/alicja-kwade,305,10392,2.93%,5.4
https://www.artsy.net/artist/teresa-margolles,305,4609,6.62%,4.2
https://www.artsy.net/artist/herbert-bayer,304,11044,2.75%,7.8
https://www.artsy.net/artist/atul-dodiya,304,5929,5.13%,6.0
https://www.artsy.net/artist/kohei-nawa,304,7352,4.13%,5.5
https://www.artsy.net/artist/petrit-halilaj,304,3788,8.03%,5.0
https://www.artsy.net/artist/horst-p-horst,304,15423,1.97%,6.7
https://www.artsy.net/artist/edouard-manet,304,118641,0.26%,8.9
https://www.artsy.net/artist/jack-whitten,303,8274,3.66%,7.2
https://www.artsy.net/artist/mimmo-paladino,303,10111,3%,6.2
https://www.artsy.net/artist/sarah-crowner,303,2956,10.25%,4.4
https://www.artsy.net/artist/joseph-kosuth,303,20640,1.47%,6.4
https://www.artsy.net/artist/lucas-samaras,302,10433,2.89%,5.6
https://www.artsy.net/artist/chiharu-shiota,301,12541,2.4%,8.4
https://www.artsy.net/artist/bruno-munari,301,14950,2.01%,7.0
https://www.artsy.net/artist/claire-tabouret,301,3210,9.38%,5.3
https://www.artsy.net/artist/norberto-roldan,301,1865,16.14%,4.5
https://www.artsy.net/artist/julian-opie,300,18813,1.59%,7.7
https://www.artsy.net/artist/jean-michel-basquiat/auction-results,300,48111,0.62%,4.0
https://www.artsy.net/artist/vito-acconci,300,11415,2.63%,7.7
https://www.artsy.net/artist/wadsworth-jarrell,300,3801,7.89%,3.0
https://www.artsy.net/artist/xooang-choi,299,5002,5.98%,5.6
https://www.artsy.net/artist/xu-zhen-xu-zhen,299,5193,5.76%,5.1
https://www.artsy.net/artist/tomma-abts,299,8891,3.36%,6.0
https://www.artsy.net/artist/matthew-chambers,298,5807,5.13%,5.4
https://www.artsy.net/artist/stephen-mackey,298,5232,5.7%,4.4
https://www.artsy.net/artist/gao-xingjian-gao-xing-jian,298,15881,1.88%,7.3
https://www.artsy.net/artist/amedeo-modigliani,298,107968,0.28%,9.0
https://www.artsy.net/artist/rachel-rossin,298,3727,8%,3.8
https://www.artsy.net/artist/zarina-hashmi-1,298,4038,7.38%,4.4
https://www.artsy.net/artist/henry-hudson,297,3472,8.55%,18
https://www.artsy.net/artist/peter-tunney,297,6153,4.83%,6.6
https://www.artsy.net/artist/leon-golub,296,9238,3.2%,4.9
https://www.artsy.net/artist/sam-falls,296,3534,8.38%,4.7
https://www.artsy.net/artist/anselm-reyle,295,4862,6.07%,3.5
https://www.artsy.net/artist/massimo-listri,295,3532,8.35%,4.8
https://www.artsy.net/artist/kim-dorland,294,4208,6.99%,5.2
https://www.artsy.net/artist/tjalf-sparnaay-1,294,8834,3.33%,5.0
https://www.artsy.net/artist/ralph-eugene-meatyard,294,11505,2.56%,4.4
https://www.artsy.net/artist/lygia-clark,293,12426,2.36%,5.9
https://www.artsy.net/artist/adonna-khare,293,6800,4.31%,5.7
https://www.artsy.net/artist/romina-ressia,293,7723,3.79%,5.9
https://www.artsy.net/artist/jeremy-maxwell-wintrebert,292,4347,6.72%,8.5
https://www.artsy.net/artist/the-connor-brothers,292,5445,5.36%,7.2
https://www.artsy.net/artist/chris-jordan,292,4288,6.81%,10
https://www.artsy.net/artist/america-martin,292,4844,6.03%,6.3
https://www.artsy.net/artist/yu-hong-yu-hong,292,3991,7.32%,6.1
https://www.artsy.net/artist/ben-nicholson,291,17465,1.67%,7.0
https://www.artsy.net/artist/imi-knoebel,291,7513,3.87%,7.5
https://www.artsy.net/artist/miaz-brothers,291,3245,8.97%,3.7
https://www.artsy.net/artist/tony-fitzpatrick,291,4741,6.14%,5.3
https://www.artsy.net/artist/richard-anuszkiewicz,290,9517,3.05%,4.4
https://www.artsy.net/artist/joan-cornella,290,6701,4.33%,11
https://www.artsy.net/artist/giovanni-battista-piranesi,290,27579,1.05%,7.7
https://www.artsy.net/artist/judy-pfaff,289,7088,4.08%,6.0
https://www.artsy.net/artist/lawrence-carroll,289,4650,6.22%,4.6
https://www.artsy.net/artist/derrick-adams,289,4976,5.81%,5.5
https://www.artsy.net/artist/kaws/auction-results,289,5885,4.91%,5.3
https://www.artsy.net/artist/cesar-santos,288,14444,1.99%,7.8
https://www.artsy.net/artist/monica-kim-garza,288,3027,9.51%,4.7
https://www.artsy.net/artist/carolee-schneemann,288,21522,1.34%,7.8
https://www.artsy.net/artist/jeff-soto,288,10233,2.81%,3.5
https://www.artsy.net/artist/hope-gangloff,287,10967,2.62%,7.0
https://www.artsy.net/artist/robert-morris,287,22531,1.27%,7.7
https://www.artsy.net/artist/dana-schutz,287,13346,2.15%,13
https://www.artsy.net/artist/carlo-carra,287,11343,2.53%,5.8
https://www.artsy.net/artist/ahmad-zakii-anwar,287,3128,9.18%,4.4
https://www.artsy.net/artist/phil-hale,286,8253,3.47%,4.7
https://www.artsy.net/artist/danny-minnick,286,2311,12.38%,4.9
https://www.artsy.net/artist/amano-yoshitaka,286,29615,0.97%,8.6
https://www.artsy.net/artist/matthew-brandt,286,4966,5.76%,6.0
https://www.artsy.net/artist/barkley-l-hendricks,285,4826,5.91%,6.8
https://www.artsy.net/artist/abigail-reynolds,285,7138,3.99%,7.6
https://www.artsy.net/artist/rex-ray,285,12415,2.3%,6.0
https://www.artsy.net/artist/jaume-plensa,285,18295,1.56%,7.0
https://www.artsy.net/artist/maurizio-anzeri,285,12626,2.26%,6.9
https://www.artsy.net/artist/cecil-touchon,284,4768,5.96%,5.1
https://www.artsy.net/artist/mcarthur-binion,284,3524,8.06%,5.2
https://www.artsy.net/artist/donald-sultan,283,6692,4.23%,6.2
https://www.artsy.net/artist/subodh-gupta,283,12669,2.23%,6.8
https://www.artsy.net/artist/ghada-amer,282,10539,2.68%,5.5
https://www.artsy.net/artist/kiluanji-kia-henda,282,2958,9.53%,7.1
https://www.artsy.net/artist/makoto-fujimura,281,10492,2.68%,6.8
https://www.artsy.net/artist/victor-pasmore,281,7720,3.64%,6.1
https://www.artsy.net/artist/leonardo-drew,281,6181,4.55%,6.8
https://www.artsy.net/artist/amy-cutler,280,3710,7.55%,4.7
https://www.artsy.net/artist/ola-kolehmainen,280,2354,11.89%,7.1
https://www.artsy.net/artist/joe-black,280,3639,7.69%,14
https://www.artsy.net/artist/anthony-hunter,280,935,29.95%,6.0
https://www.artsy.net/artist/georges-de-la-tour,280,16427,1.7%,5.9
https://www.artsy.net/artist/yaacov-agam,279,15785,1.77%,7.9
https://www.artsy.net/artist/janine-antoni,278,11528,2.41%,6.1
https://www.artsy.net/artist/joel-peter-witkin,278,27037,1.03%,7.0
https://www.artsy.net/artist/jen-stark,278,10730,2.59%,6.7
https://www.artsy.net/artist/stanley-william-hayter,278,7028,3.96%,5.8
https://www.artsy.net/artist/tomoo-gokita,278,3538,7.86%,3.7
https://www.artsy.net/artist/1010,278,3796,7.32%,9.9
https://www.artsy.net/artist/yung-jake,278,6294,4.42%,7.7
https://www.artsy.net/artist/on-kawara,277,17007,1.63%,6.7
https://www.artsy.net/artist/annie-cabigting,277,1706,16.24%,3.1
https://www.artsy.net/artist/frank-bowling,277,8846,3.13%,6.4
https://www.artsy.net/artist/mark-ryden,277,52796,0.52%,8.6
https://www.artsy.net/artist/jordan-casteel,277,7216,3.84%,7.1
https://www.artsy.net/artist/yang-fudong,276,3658,7.55%,4.9
https://www.artsy.net/artist/franz-ackermann,276,7063,3.91%,5.3
https://www.artsy.net/artist/jonone,274,5833,4.7%,5.4
https://www.artsy.net/artist/valerie-hegarty,274,6293,4.35%,5.0
https://www.artsy.net/artist/steve-driscoll,274,2858,9.59%,5.2
https://www.artsy.net/artist/william-dunlap,274,2819,9.72%,5.1
https://www.artsy.net/artist/per-kirkeby,274,10510,2.61%,6.6
https://www.artsy.net/artist/leonor-antunes,274,3113,8.8%,5.7
https://www.artsy.net/artist/alphonse-mucha,273,89412,0.31%,9.6
https://www.artsy.net/artist/william-anastasi,273,2943,9.28%,4.7
https://www.artsy.net/artist/katrin-fridriks,273,2852,9.57%,3.8
https://www.artsy.net/artist/kang-hyo-lee,273,2705,10.09%,6.1
https://www.artsy.net/artist/william-morris,273,12257,2.23%,8.6
https://www.artsy.net/artist/joan-jonas,272,11549,2.36%,6.1
https://www.artsy.net/artist/james-marshall-dalek,272,3095,8.79%,7.0
https://www.artsy.net/artist/chris-burden,272,16939,1.61%,6.9
https://www.artsy.net/artist/william-hogarth,272,30319,0.9%,8.2
https://www.artsy.net/artist/harry-callahan,272,17086,1.59%,7.0
https://www.artsy.net/artist/herakut,272,5736,4.74%,7.1
https://www.artsy.net/artist/cornelia-parker,272,8244,3.3%,11
https://www.artsy.net/artist/maya-hayuk,272,5893,4.62%,6.0
https://www.artsy.net/artist/dawoud-bey,272,9386,2.9%,6.6
https://www.artsy.net/artist/ross-bleckner,271,8259,3.28%,4.6
https://www.artsy.net/artist/elliott-puckette,271,1872,14.48%,2.7
https://www.artsy.net/artist/ilya-bolotowsky,271,6568,4.13%,3.4
https://www.artsy.net/artist/karel-martens,270,6708,4.03%,7.3
https://www.artsy.net/artist/mira-dancy,270,2721,9.92%,4.8
https://www.artsy.net/artist/anna-bjerger,270,3078,8.77%,5.9
https://www.artsy.net/artist/celeste-dupuy-spencer,270,4104,6.58%,4.8
https://www.artsy.net/artist/utagawa-kuniyoshi,270,20370,1.33%,7.1
https://www.artsy.net/artist/will-cotton,269,8603,3.13%,8.3
https://www.artsy.net/artist/frank-gehry,269,21790,1.23%,11
https://www.artsy.net/artist/jean-baptiste-camille-corot,269,40093,0.67%,6.9
https://www.artsy.net/artist/rb-kitaj,268,15548,1.72%,6.7
https://www.artsy.net/artist/r-kenton-nelson,268,4901,5.47%,6.9
https://www.artsy.net/artist/eric-zener,268,4413,6.07%,8.4
https://www.artsy.net/artist/trenton-doyle-hancock,268,6825,3.93%,5.6
https://www.artsy.net/artist/ivan-alifan,268,8178,3.28%,6.9
https://www.artsy.net/artist/taryn-simon,267,18055,1.48%,7.0
https://www.artsy.net/artist/bruce-conner,267,10720,2.49%,6.4
https://www.artsy.net/artist/huguette-caland,267,5531,4.83%,5.1
https://www.artsy.net/artist/kasper-sonne,267,1730,15.43%,11
https://www.artsy.net/artist/aliza-nisenbaum,267,3313,8.06%,4.3
https://www.artsy.net/artist/richard-pettibone,266,3315,8.02%,6.4
https://www.artsy.net/artist/eduardo-sarabia,266,1815,14.66%,3.5
https://www.artsy.net/artist/matteo-pugliese,266,4285,6.21%,5.6
https://www.artsy.net/artist/tomo-campbell,265,1162,22.81%,3.9
https://www.artsy.net/artist/saul-leiter,265,8290,3.2%,9.1
https://www.artsy.net/artist/zio-ziegler,265,5575,4.75%,6.3
https://www.artsy.net/artist/gottfried-helnwein,265,24744,1.07%,7.2
https://www.artsy.net/artist/josef-sudek,265,13499,1.96%,6.7
https://www.artsy.net/artist/isa-genzken,265,15691,1.69%,6.6
https://www.artsy.net/artist/fred-wilson,264,6320,4.18%,8.6
https://www.artsy.net/artist/glenn-brown,264,13993,1.89%,6.0
https://www.artsy.net/artist/anne-collier,264,5506,4.79%,5.9
https://www.artsy.net/artist/serge-marshennikov,264,6755,3.91%,7.4
https://www.artsy.net/artist/jeremy-geddes,264,11684,2.26%,6.1
https://www.artsy.net/artist/hurvin-anderson,264,9871,2.67%,8.4
https://www.artsy.net/artist/john-armleder,263,5477,4.8%,5.4
https://www.artsy.net/artist/florine-stettheimer,263,15008,1.75%,7.2
https://www.artsy.net/artist/philip-pearlstein,263,7766,3.39%,5.7
https://www.artsy.net/artist/uta-barth,263,11534,2.28%,6.8
https://www.artsy.net/artist/christian-rosa,263,5816,4.52%,5.9
https://www.artsy.net/artist/sylvie-fleury-2,263,4683,5.62%,5.0
https://www.artsy.net/artist/dorothea-lange,262,15754,1.66%,10
https://www.artsy.net/artist/max-hooper-schneider,262,1974,13.27%,4.5
https://www.artsy.net/artist/tetsuya-ishida,262,4581,5.72%,5.1
https://www.artsy.net/artist/rebecca-horn,261,16150,1.62%,8.0
https://www.artsy.net/artist/malick-sidibe,261,9005,2.9%,8.5
https://www.artsy.net/artist/gary-baseman,261,13061,2%,5.4
https://www.artsy.net/artist/chiho-aoshima,260,5073,5.13%,4.5
https://www.artsy.net/artist/pamela-rosenkranz,260,4481,5.8%,5.3
https://www.artsy.net/artist/camille-henrot,260,11317,2.3%,6.3
https://www.artsy.net/artist/philippe-pasqua,260,3982,6.53%,6.7
https://www.artsy.net/artist/nancy-graves,260,3738,6.96%,5.2
https://www.artsy.net/artist/bruno-walpoth,259,6124,4.23%,7.4
https://www.artsy.net/artist/steve-keene,259,3298,7.85%,7.1
https://www.artsy.net/artist/alexej-von-jawlensky,259,12788,2.03%,5.3
https://www.artsy.net/artist/amelia-pelaez,259,4153,6.24%,3.2
https://www.artsy.net/artist/anna-maria-maiolino,258,9924,2.6%,6.6
https://www.artsy.net/artist/adam-mcewen,257,2837,9.06%,5.1
https://www.artsy.net/artist/bill-henson,257,7939,3.24%,8.4
https://www.artsy.net/artist/donald-baechler,257,5280,4.87%,5.3
https://www.artsy.net/artist/bast,257,3461,7.43%,11
https://www.artsy.net/artist/vhils,257,8165,3.15%,7.1
https://www.artsy.net/artist/liu-xiaodong,256,5389,4.75%,4.3
https://www.artsy.net/artist/jacques-henri-lartigue,256,14576,1.76%,7.1
https://www.artsy.net/artist/chris-hood,256,3287,7.79%,5.1
https://www.artsy.net/artist/kees-van-dongen,256,14631,1.75%,5.7
https://www.artsy.net/artist/paul-mccarthy,255,38218,0.67%,8.1
https://www.artsy.net/artist/anthony-caro,255,12895,1.98%,7.5
https://www.artsy.net/artist/dale-lewis,254,3030,8.38%,4.7
https://www.artsy.net/artist/jeremy-lipking,254,10252,2.48%,6.7
https://www.artsy.net/artist/dora-budor,254,3177,7.99%,3.9
https://www.artsy.net/artist/sarah-cain,254,20862,1.22%,4.6
https://www.artsy.net/artist/alexandra-kehayoglou,254,3382,7.51%,6.6
https://www.artsy.net/artist/isabelle-menin,253,3538,7.15%,6.0
https://www.artsy.net/artist/gillian-ayres,253,6393,3.96%,6.8
https://www.artsy.net/artist/polly-apfelbaum,253,8087,3.13%,7.8
https://www.artsy.net/artist/mario-testino,253,14059,1.8%,10
https://www.artsy.net/artist/le-corbusier,253,18221,1.39%,13
https://www.artsy.net/artist/daniel-turner,252,4408,5.72%,4.3
https://www.artsy.net/artist/jannis-kounellis,252,10619,2.37%,6.6
https://www.artsy.net/artist/alex-prager,252,10912,2.31%,7.4
https://www.artsy.net/artist/victor-castillo,252,6421,3.92%,5.5
https://www.artsy.net/artist/firelei-baez-1,251,3142,7.99%,3.3
https://www.artsy.net/artist/julia-margaret-cameron,251,13398,1.87%,9.4
https://www.artsy.net/artist/robert-mars,251,4227,5.94%,6.8
https://www.artsy.net/artist/masami-teraoka,251,4370,5.74%,6.2
https://www.artsy.net/artist/arturo-herrera,251,6347,3.95%,6.3
https://www.artsy.net/artist/roe-ethridge,251,8034,3.12%,6.2
https://www.artsy.net/artist/olivia-parker,251,10627,2.36%,6.0
https://www.artsy.net/artist/adam-fuss,251,10819,2.32%,6.9
https://www.artsy.net/artist/camille-pissarro,250,41809,0.6%,9.2
https://www.artsy.net/artist/loretta-lux,250,9455,2.64%,5.0
https://www.artsy.net/artist/martin-creed,250,15981,1.56%,7.4
https://www.artsy.net/artist/gino-severini,249,15574,1.6%,5.8
https://www.artsy.net/artist/liu-dan,248,3130,7.92%,4.2
https://www.artsy.net/artist/ann-hamilton,248,16116,1.54%,7.9
https://www.artsy.net/artist/john-wesley-2,248,4980,4.98%,13
https://www.artsy.net/artist/youngcheol-lee,248,981,25.28%,1.6
https://www.artsy.net/artist/bram-bogart,248,4357,5.69%,6.2
https://www.artsy.net/artist/robert-montgomery,247,22956,1.08%,9.6
https://www.artsy.net/artist/dolk,247,8613,2.87%,5.9
https://www.artsy.net/artist/titian,247,81398,0.3%,9.1
https://www.artsy.net/artist/adrian-villar-rojas,247,9583,2.58%,7.7
https://www.artsy.net/artist/aaron-fowler,247,2130,11.6%,2.9
https://www.artsy.net/artist/jonathan-gardner,247,2492,9.91%,9.5
https://www.artsy.net/artist/julie-blackmon,246,6173,3.99%,7.9
https://www.artsy.net/artist/susan-rothenberg,246,9750,2.52%,5.7
https://www.artsy.net/artist/vera-molnar-1,246,4272,5.76%,5.3
https://www.artsy.net/artist/j-m-w-turner,246,39138,0.63%,8.5
